orden,variable,familia,bloque,origen,tipo_dato,formato,fuente,ventana,descripcion,lectura,calculo,observaciones,fill_rate,n_nulos,n_unicos,ejemplos
1,SK_ID_CURR,00 · Identificación y objetivo,Identificación y objetivo,Original,Identificador,Entero (ID),application_train,—,Identificador del crédito objetivo de la muestra.,,,No debe tratarse como variable numérica de comportamiento.,1.0,0,307511,"p10: 135,692 · mediana: 278,202 · p90: 420,729"
2,TARGET,00 · Identificación y objetivo,Identificación y objetivo,Original,Objetivo (dicotómica),Binaria 0/1,application_train,Ventana de desempeño posterior a la solicitud,Resultado observado de dificultad de pago asociado al crédito objetivo de train.,,,Está presente en train y ausente en test.,1.0,0,2,0 (92%) · 1 (8%)
3,NAME_CONTRACT_TYPE,01 · Solicitud y capacidad de pago,Condiciones del crédito e ingreso,Original,Dicotómica,Binaria (texto),application_train,Al momento de la solicitud,Tipo de contrato del crédito objetivo.,,,,1.0,0,2,Cash loans (90%) · Revolving loans (10%)
4,CODE_GENDER,02 · Perfil del solicitante,Demografía y estabilidad,Original,Categórica nominal,Categórica nominal,application_train,Al momento de la solicitud,Código de género registrado.,,,,1.0,0,3,F (66%) · M (34%) · XNA (<1%)
5,FLAG_OWN_CAR,02 · Perfil del solicitante,Laboral y patrimonial,Original,Dicotómica,Binaria (Y/N),application_train,Al momento de la solicitud,Indica si la persona declara tener automóvil.,,,,1.0,0,2,N (66%) · Y (34%)
6,FLAG_OWN_REALTY,02 · Perfil del solicitante,Laboral y patrimonial,Original,Dicotómica,Binaria (Y/N),application_train,Al momento de la solicitud,Indica si la persona declara tener inmueble/bienes raíces.,,,,1.0,0,2,Y (69%) · N (31%)
7,CNT_CHILDREN,02 · Perfil del solicitante,Demografía y estabilidad,Original,Numérica discreta,Entero (conteo),application_train,Al momento de la solicitud,Número de hijos.,,,,1.0,0,15,p10: 0 · mediana: 0 · p90: 2
8,AMT_INCOME_TOTAL,01 · Solicitud y capacidad de pago,Condiciones del crédito e ingreso,Original,Numérica continua,Monto (u.m.),application_train,Al momento de la solicitud,Ingresos totales declarados.,,,,1.0,0,2548,"p10: 81,000 · mediana: 147,150 · p90: 270,000"
9,AMT_CREDIT,01 · Solicitud y capacidad de pago,Condiciones del crédito e ingreso,Original,Numérica continua,Monto (u.m.),application_train,Al momento de la solicitud,Importe del crédito solicitado/otorgado en la operación objetivo.,,,,1.0,0,5603,"p10: 180,000 · mediana: 513,531 · p90: 1,133,748"
10,AMT_ANNUITY,01 · Solicitud y capacidad de pago,Condiciones del crédito e ingreso,Original,Numérica continua,Monto (u.m.),application_train,Al momento de la solicitud,Importe de la anualidad/cuota anual asociada al crédito.,,,,0.999961,12,13672,"p10: 11,074 · mediana: 24,903 · p90: 45,954"
11,AMT_GOODS_PRICE,01 · Solicitud y capacidad de pago,Condiciones del crédito e ingreso,Original,Numérica continua,Monto (u.m.),application_train,Al momento de la solicitud,Precio del bien o servicio financiado asociado al crédito.,,,,0.999096,278,1002,"p10: 180,000 · mediana: 450,000 · p90: 1,093,500"
12,NAME_TYPE_SUITE,01 · Solicitud y capacidad de pago,Condiciones del crédito e ingreso,Original,Categórica nominal,Categórica nominal,application_train,Al momento de la solicitud,Tipo de acompañante de la persona en la solicitud.,,,,0.995799,1292,7,"Unaccompanied (81%) · Family (13%) · Spouse, partner (4%)"
13,NAME_INCOME_TYPE,02 · Perfil del solicitante,Laboral y patrimonial,Original,Categórica nominal,Categórica nominal,application_train,Al momento de la solicitud,Tipo de fuente de ingresos de la persona.,,,,1.0,0,8,Working (52%) · Commercial associate (23%) · Pensioner (18%)
14,NAME_EDUCATION_TYPE,02 · Perfil del solicitante,Demografía y estabilidad,Original,Categórica ordinal,Categórica ordinal,application_train,Al momento de la solicitud,Nivel educativo registrado.,,,,1.0,0,5,Secondary / secondary special (71%) · Higher education (24%) · Incomplete higher (3%)
15,NAME_FAMILY_STATUS,02 · Perfil del solicitante,Demografía y estabilidad,Original,Categórica nominal,Categórica nominal,application_train,Al momento de la solicitud,Estado civil o situación familiar registrada.,,,,1.0,0,6,Married (64%) · Single / not married (15%) · Civil marriage (10%)
16,NAME_HOUSING_TYPE,03 · Vivienda y entorno,Región y edificio,Original,Categórica nominal,Categórica nominal,application_train,Al momento de la solicitud,Tipo de vivienda donde reside la persona.,,,,1.0,0,6,House / apartment (89%) · With parents (5%) · Municipal apartment (4%)
17,REGION_POPULATION_RELATIVE,03 · Vivienda y entorno,Región y edificio,Original,Numérica continua,Ratio normalizado,application_train,Al momento de la solicitud,Densidad relativa de población de la región.,,,,1.0,0,81,p10: 0.00663 · mediana: 0.0188 · p90: 0.0358
18,DAYS_BIRTH,02 · Perfil del solicitante,Demografía y estabilidad,Original,Numérica discreta,Días antes de t (negativo),application_train,Días antes de la solicitud (valor negativo),Edad expresada como días respecto de la fecha de la solicitud; el valor suele ser negativo.,,,,1.0,0,17460,"p10: -22,181 · mediana: -15,750 · p90: -10,284"
19,DAYS_EMPLOYED,02 · Perfil del solicitante,Laboral y patrimonial,Original,Numérica discreta,Días (negativo),application_train,Días antes de la solicitud (valor negativo),Días respecto de la fecha de la solicitud desde el inicio del empleo.,,,,1.0,0,12574,"p10: -4,881 · mediana: -1,213 · p90: 365,243"
20,DAYS_REGISTRATION,02 · Perfil del solicitante,Demografía y estabilidad,Original,Numérica discreta,Días (negativo),application_train,Días antes de la solicitud (valor negativo),Días respecto de la solicitud desde que se registró el domicilio.,,,,1.0,0,15688,"p10: -9,932 · mediana: -4,504 · p90: -690"
21,DAYS_ID_PUBLISH,02 · Perfil del solicitante,Demografía y estabilidad,Original,Numérica discreta,Días (negativo),application_train,Días antes de la solicitud (valor negativo),Días respecto de la solicitud desde la publicación del documento de identidad.,,,,1.0,0,6168,"p10: -4,724 · mediana: -3,254 · p90: -730"
22,OWN_CAR_AGE,02 · Perfil del solicitante,Laboral y patrimonial,Original,Numérica discreta,Años,application_train,Al momento de la solicitud,"Edad del automóvil propio, en años.",,,,0.340092,202929,62,p10: 2 · mediana: 9 · p90: 22
23,FLAG_MOBIL,02 · Perfil del solicitante,Contacto,Original,Dicotómica,Binaria 0/1,application_train,Al momento de la solicitud,Indica si se dispone de teléfono móvil.,,,,1.0,0,2,1 (100%) · 0 (<1%)
24,FLAG_EMP_PHONE,02 · Perfil del solicitante,Contacto,Original,Dicotómica,Binaria 0/1,application_train,Al momento de la solicitud,Indica si se dispone de teléfono de trabajo.,,,,1.0,0,2,1 (82%) · 0 (18%)
25,FLAG_WORK_PHONE,02 · Perfil del solicitante,Contacto,Original,Dicotómica,Binaria 0/1,application_train,Al momento de la solicitud,Indica si el teléfono corresponde al trabajo.,,,,1.0,0,2,0 (80%) · 1 (20%)
26,FLAG_CONT_MOBILE,02 · Perfil del solicitante,Contacto,Original,Dicotómica,Binaria 0/1,application_train,Al momento de la solicitud,Indica si se confirmó que el teléfono móvil es contactable.,,,,1.0,0,2,1 (100%) · 0 (<1%)
27,FLAG_PHONE,02 · Perfil del solicitante,Contacto,Original,Dicotómica,Binaria 0/1,application_train,Al momento de la solicitud,Indica disponibilidad de teléfono.,,,,1.0,0,2,0 (72%) · 1 (28%)
28,FLAG_EMAIL,02 · Perfil del solicitante,Contacto,Original,Dicotómica,Binaria 0/1,application_train,Al momento de la solicitud,Indica disponibilidad de correo electrónico.,,,,1.0,0,2,0 (94%) · 1 (6%)
29,OCCUPATION_TYPE,02 · Perfil del solicitante,Laboral y patrimonial,Original,Categórica nominal,Categórica nominal,application_train,Al momento de la solicitud,Tipo de ocupación laboral.,,,,0.686545,96391,18,Laborers (26%) · Sales staff (15%) · Core staff (13%)
30,CNT_FAM_MEMBERS,02 · Perfil del solicitante,Demografía y estabilidad,Original,Numérica discreta,Entero (conteo),application_train,Al momento de la solicitud,Número de integrantes de la familia.,,,,0.999993,2,17,p10: 1 · mediana: 2 · p90: 3
31,REGION_RATING_CLIENT,03 · Vivienda y entorno,Región y edificio,Original,Categórica ordinal,Categórica ordinal,application_train,Al momento de la solicitud,Calificación de la región de residencia del cliente.,,,,1.0,0,3,2 (74%) · 3 (16%) · 1 (10%)
32,REGION_RATING_CLIENT_W_CITY,03 · Vivienda y entorno,Región y edificio,Original,Categórica ordinal,Categórica ordinal,application_train,Al momento de la solicitud,Calificación de la región considerando la ciudad.,,,,1.0,0,3,2 (75%) · 3 (14%) · 1 (11%)
33,WEEKDAY_APPR_PROCESS_START,01 · Solicitud y capacidad de pago,Condiciones del crédito e ingreso,Original,Categórica nominal,Categórica cíclica,application_train,Al momento de la solicitud,Día de la semana en que comenzó el proceso de solicitud.,,,,1.0,0,7,TUESDAY (18%) · WEDNESDAY (17%) · MONDAY (16%)
34,HOUR_APPR_PROCESS_START,01 · Solicitud y capacidad de pago,Condiciones del crédito e ingreso,Original,Numérica discreta,Entero 0–23,application_train,Al momento de la solicitud,Hora del día en que comenzó el proceso de solicitud.,,,,1.0,0,24,p10: 8 · mediana: 12 · p90: 16
35,REG_REGION_NOT_LIVE_REGION,03 · Vivienda y entorno,Consistencia de direcciones,Original,Dicotómica,Binaria 0/1,application_train,Al momento de la solicitud,Indica si la región de trabajo/operación de registro difiere de la región de residencia.,,,,1.0,0,2,0 (98%) · 1 (2%)
36,REG_REGION_NOT_WORK_REGION,03 · Vivienda y entorno,Consistencia de direcciones,Original,Dicotómica,Binaria 0/1,application_train,Al momento de la solicitud,Indica diferencia entre la región registrada y la región de trabajo.,,,,1.0,0,2,0 (95%) · 1 (5%)
37,LIVE_REGION_NOT_WORK_REGION,03 · Vivienda y entorno,Consistencia de direcciones,Original,Dicotómica,Binaria 0/1,application_train,Al momento de la solicitud,Indica diferencia entre región de residencia y región de trabajo.,,,,1.0,0,2,0 (96%) · 1 (4%)
38,REG_CITY_NOT_LIVE_CITY,03 · Vivienda y entorno,Consistencia de direcciones,Original,Dicotómica,Binaria 0/1,application_train,Al momento de la solicitud,Indica diferencia entre ciudad registrada y ciudad de residencia.,,,,1.0,0,2,0 (92%) · 1 (8%)
39,REG_CITY_NOT_WORK_CITY,03 · Vivienda y entorno,Consistencia de direcciones,Original,Dicotómica,Binaria 0/1,application_train,Al momento de la solicitud,Indica diferencia entre ciudad registrada y ciudad de trabajo.,,,,1.0,0,2,0 (77%) · 1 (23%)
40,LIVE_CITY_NOT_WORK_CITY,03 · Vivienda y entorno,Consistencia de direcciones,Original,Dicotómica,Binaria 0/1,application_train,Al momento de la solicitud,Indica diferencia entre ciudad de residencia y ciudad de trabajo.,,,,1.0,0,2,0 (82%) · 1 (18%)
41,ORGANIZATION_TYPE,02 · Perfil del solicitante,Laboral y patrimonial,Original,Categórica nominal,Categórica nominal,application_train,Al momento de la solicitud,Tipo de organización o sector donde trabaja la persona.,,,,1.0,0,58,Business Entity Type 3 (22%) · XNA (18%) · Self-employed (12%)
42,EXT_SOURCE_1,04 · Scores externos,Scores externos,Original,Numérica continua,Ratio 0–1,application_train,Al momento de la solicitud,Puntuación normalizada procedente de una fuente externa.,,,,0.436189,173378,114584,p10: 0.213 · mediana: 0.506 · p90: 0.787
43,EXT_SOURCE_2,04 · Scores externos,Scores externos,Original,Numérica continua,Ratio 0–1,application_train,Al momento de la solicitud,Puntuación normalizada procedente de una fuente externa.,,,,0.997854,660,119831,p10: 0.216 · mediana: 0.566 · p90: 0.722
44,EXT_SOURCE_3,04 · Scores externos,Scores externos,Original,Numérica continua,Ratio 0–1,application_train,Al momento de la solicitud,Puntuación normalizada procedente de una fuente externa.,,,,0.801747,60965,814,p10: 0.228 · mediana: 0.535 · p90: 0.749
45,APARTMENTS_AVG,03 · Vivienda y entorno,Región y edificio,Original,Numérica continua,Ratio normalizado,application_train,Al momento de la solicitud,Tamaño de apartamentos del edificio/vivienda; versión promedio normalizado.,,,,0.492503,156061,2339,p10: 0.0165 · mediana: 0.0876 · p90: 0.241
46,BASEMENTAREA_AVG,03 · Vivienda y entorno,Región y edificio,Original,Numérica continua,Ratio normalizado,application_train,Al momento de la solicitud,Superficie de sótano; versión promedio normalizado.,,,,0.41484,179943,3780,p10: 0 · mediana: 0.0763 · p90: 0.169
47,YEARS_BEGINEXPLUATATION_AVG,03 · Vivienda y entorno,Región y edificio,Original,Numérica continua,Ratio normalizado,application_train,Al momento de la solicitud,Año/antigüedad de inicio de explotación del edificio; versión promedio normalizado.,,,,0.51219,150007,285,p10: 0.972 · mediana: 0.982 · p90: 0.991
48,YEARS_BUILD_AVG,03 · Vivienda y entorno,Región y edificio,Original,Numérica continua,Ratio normalizado,application_train,Al momento de la solicitud,Antigüedad/año de construcción del edificio; versión promedio normalizado.,,,,0.335022,204488,149,p10: 0.633 · mediana: 0.755 · p90: 0.878
49,COMMONAREA_AVG,03 · Vivienda y entorno,Región y edificio,Original,Numérica continua,Ratio normalizado,application_train,Al momento de la solicitud,Superficie de áreas comunes; versión promedio normalizado.,,,,0.301277,214865,3181,p10: 0.0008 · mediana: 0.0211 · p90: 0.105
50,ELEVATORS_AVG,03 · Vivienda y entorno,Región y edificio,Original,Numérica continua,Ratio normalizado,application_train,Al momento de la solicitud,Número/proporción de ascensores; versión promedio normalizado.,,,,0.46704,163891,257,p10: 0 · mediana: 0 · p90: 0.24
51,ENTRANCES_AVG,03 · Vivienda y entorno,Región y edificio,Original,Numérica continua,Ratio normalizado,application_train,Al momento de la solicitud,Número/proporción de accesos; versión promedio normalizado.,,,,0.496512,154828,285,p10: 0.0345 · mediana: 0.138 · p90: 0.276
52,FLOORSMAX_AVG,03 · Vivienda y entorno,Región y edificio,Original,Numérica continua,Ratio normalizado,application_train,Al momento de la solicitud,Piso máximo del edificio; versión promedio normalizado.,,,,0.502392,153020,403,p10: 0.0417 · mediana: 0.167 · p90: 0.375
53,FLOORSMIN_AVG,03 · Vivienda y entorno,Región y edificio,Original,Numérica continua,Ratio normalizado,application_train,Al momento de la solicitud,Piso mínimo del edificio; versión promedio normalizado.,,,,0.321514,208642,305,p10: 0.0417 · mediana: 0.208 · p90: 0.417
54,LANDAREA_AVG,03 · Vivienda y entorno,Región y edificio,Original,Numérica continua,Ratio normalizado,application_train,Al momento de la solicitud,Superficie del terreno; versión promedio normalizado.,,,,0.406233,182590,3527,p10: 0 · mediana: 0.0481 · p90: 0.141
55,LIVINGAPARTMENTS_AVG,03 · Vivienda y entorno,Región y edificio,Original,Numérica continua,Ratio normalizado,application_train,Al momento de la solicitud,Número/proporción de apartamentos habitables; versión promedio normalizado.,,,,0.31645,210199,1868,p10: 0.0202 · mediana: 0.0756 · p90: 0.206
56,LIVINGAREA_AVG,03 · Vivienda y entorno,Región y edificio,Original,Numérica continua,Ratio normalizado,application_train,Al momento de la solicitud,Superficie habitable; versión promedio normalizado.,,,,0.498067,154350,5199,p10: 0.0144 · mediana: 0.0745 · p90: 0.233
57,NONLIVINGAPARTMENTS_AVG,03 · Vivienda y entorno,Región y edificio,Original,Numérica continua,Ratio normalizado,application_train,Al momento de la solicitud,Número/proporción de apartamentos no habitables; versión promedio normalizado.,,,,0.30567,213514,386,p10: 0 · mediana: 0 · p90: 0.0154
58,NONLIVINGAREA_AVG,03 · Vivienda y entorno,Región y edificio,Original,Numérica continua,Ratio normalizado,application_train,Al momento de la solicitud,Superficie no habitable; versión promedio normalizado.,,,,0.448208,169682,3290,p10: 0 · mediana: 0.0036 · p90: 0.0806
59,APARTMENTS_MODE,03 · Vivienda y entorno,Región y edificio,Original,Numérica continua,Ratio normalizado,application_train,Al momento de la solicitud,Tamaño de apartamentos del edificio/vivienda; versión moda normalizada.,,,,0.492503,156061,760,p10: 0.0168 · mediana: 0.084 · p90: 0.231
60,BASEMENTAREA_MODE,03 · Vivienda y entorno,Región y edificio,Original,Numérica continua,Ratio normalizado,application_train,Al momento de la solicitud,Superficie de sótano; versión moda normalizada.,,,,0.41484,179943,3841,p10: 0 · mediana: 0.0746 · p90: 0.17
61,YEARS_BEGINEXPLUATATION_MODE,03 · Vivienda y entorno,Región y edificio,Original,Numérica continua,Ratio normalizado,application_train,Al momento de la solicitud,Año/antigüedad de inicio de explotación del edificio; versión moda normalizada.,,,,0.51219,150007,221,p10: 0.972 · mediana: 0.982 · p90: 0.991
62,YEARS_BUILD_MODE,03 · Vivienda y entorno,Región y edificio,Original,Numérica continua,Ratio normalizado,application_train,Al momento de la solicitud,Antigüedad/año de construcción del edificio; versión moda normalizada.,,,,0.335022,204488,154,p10: 0.647 · mediana: 0.765 · p90: 0.882
63,COMMONAREA_MODE,03 · Vivienda y entorno,Región y edificio,Original,Numérica continua,Ratio normalizado,application_train,Al momento de la solicitud,Superficie de áreas comunes; versión moda normalizada.,,,,0.301277,214865,3128,p10: 0 · mediana: 0.019 · p90: 0.101
64,ELEVATORS_MODE,03 · Vivienda y entorno,Región y edificio,Original,Numérica continua,Ratio normalizado,application_train,Al momento de la solicitud,Número/proporción de ascensores; versión moda normalizada.,,,,0.46704,163891,26,p10: 0 · mediana: 0 · p90: 0.242
65,ENTRANCES_MODE,03 · Vivienda y entorno,Región y edificio,Original,Numérica continua,Ratio normalizado,application_train,Al momento de la solicitud,Número/proporción de accesos; versión moda normalizada.,,,,0.496512,154828,30,p10: 0.0345 · mediana: 0.138 · p90: 0.276
66,FLOORSMAX_MODE,03 · Vivienda y entorno,Región y edificio,Original,Numérica continua,Ratio normalizado,application_train,Al momento de la solicitud,Piso máximo del edificio; versión moda normalizada.,,,,0.502392,153020,25,p10: 0.0417 · mediana: 0.167 · p90: 0.375
67,FLOORSMIN_MODE,03 · Vivienda y entorno,Región y edificio,Original,Numérica continua,Ratio normalizado,application_train,Al momento de la solicitud,Piso mínimo del edificio; versión moda normalizada.,,,,0.321514,208642,25,p10: 0.0417 · mediana: 0.208 · p90: 0.417
68,LANDAREA_MODE,03 · Vivienda y entorno,Región y edificio,Original,Numérica continua,Ratio normalizado,application_train,Al momento de la solicitud,Superficie del terreno; versión moda normalizada.,,,,0.406233,182590,3563,p10: 0 · mediana: 0.0458 · p90: 0.141
69,LIVINGAPARTMENTS_MODE,03 · Vivienda y entorno,Región y edificio,Original,Numérica continua,Ratio normalizado,application_train,Al momento de la solicitud,Número/proporción de apartamentos habitables; versión moda normalizada.,,,,0.31645,210199,736,p10: 0.0202 · mediana: 0.0771 · p90: 0.217
70,LIVINGAREA_MODE,03 · Vivienda y entorno,Región y edificio,Original,Numérica continua,Ratio normalizado,application_train,Al momento de la solicitud,Superficie habitable; versión moda normalizada.,,,,0.498067,154350,5301,p10: 0.0134 · mediana: 0.0731 · p90: 0.234
71,NONLIVINGAPARTMENTS_MODE,03 · Vivienda y entorno,Región y edificio,Original,Numérica continua,Ratio normalizado,application_train,Al momento de la solicitud,Número/proporción de apartamentos no habitables; versión moda normalizada.,,,,0.30567,213514,167,p10: 0 · mediana: 0 · p90: 0.0156
72,NONLIVINGAREA_MODE,03 · Vivienda y entorno,Región y edificio,Original,Numérica continua,Ratio normalizado,application_train,Al momento de la solicitud,Superficie no habitable; versión moda normalizada.,,,,0.448208,169682,3327,p10: 0 · mediana: 0.0011 · p90: 0.0788
73,APARTMENTS_MEDI,03 · Vivienda y entorno,Región y edificio,Original,Numérica continua,Ratio normalizado,application_train,Al momento de la solicitud,Tamaño de apartamentos del edificio/vivienda; versión mediana normalizada.,,,,0.492503,156061,1148,p10: 0.0167 · mediana: 0.0864 · p90: 0.242
74,BASEMENTAREA_MEDI,03 · Vivienda y entorno,Región y edificio,Original,Numérica continua,Ratio normalizado,application_train,Al momento de la solicitud,Superficie de sótano; versión mediana normalizada.,,,,0.41484,179943,3772,p10: 0 · mediana: 0.0758 · p90: 0.168
75,YEARS_BEGINEXPLUATATION_MEDI,03 · Vivienda y entorno,Región y edificio,Original,Numérica continua,Ratio normalizado,application_train,Al momento de la solicitud,Año/antigüedad de inicio de explotación del edificio; versión mediana normalizada.,,,,0.51219,150007,245,p10: 0.972 · mediana: 0.982 · p90: 0.991
76,YEARS_BUILD_MEDI,03 · Vivienda y entorno,Región y edificio,Original,Numérica continua,Ratio normalizado,application_train,Al momento de la solicitud,Antigüedad/año de construcción del edificio; versión mediana normalizada.,,,,0.335022,204488,151,p10: 0.638 · mediana: 0.758 · p90: 0.879
77,COMMONAREA_MEDI,03 · Vivienda y entorno,Región y edificio,Original,Numérica continua,Ratio normalizado,application_train,Al momento de la solicitud,Superficie de áreas comunes; versión mediana normalizada.,,,,0.301277,214865,3202,p10: 0.0007 · mediana: 0.0208 · p90: 0.105
78,ELEVATORS_MEDI,03 · Vivienda y entorno,Región y edificio,Original,Numérica continua,Ratio normalizado,application_train,Al momento de la solicitud,Número/proporción de ascensores; versión mediana normalizada.,,,,0.46704,163891,46,p10: 0 · mediana: 0 · p90: 0.24
79,ENTRANCES_MEDI,03 · Vivienda y entorno,Región y edificio,Original,Numérica continua,Ratio normalizado,application_train,Al momento de la solicitud,Número/proporción de accesos; versión mediana normalizada.,,,,0.496512,154828,46,p10: 0.0345 · mediana: 0.138 · p90: 0.276
80,FLOORSMAX_MEDI,03 · Vivienda y entorno,Región y edificio,Original,Numérica continua,Ratio normalizado,application_train,Al momento de la solicitud,Piso máximo del edificio; versión mediana normalizada.,,,,0.502392,153020,49,p10: 0.0417 · mediana: 0.167 · p90: 0.375
81,FLOORSMIN_MEDI,03 · Vivienda y entorno,Región y edificio,Original,Numérica continua,Ratio normalizado,application_train,Al momento de la solicitud,Piso mínimo del edificio; versión mediana normalizada.,,,,0.321514,208642,47,p10: 0.0417 · mediana: 0.208 · p90: 0.417
82,LANDAREA_MEDI,03 · Vivienda y entorno,Región y edificio,Original,Numérica continua,Ratio normalizado,application_train,Al momento de la solicitud,Superficie del terreno; versión mediana normalizada.,,,,0.406233,182590,3560,p10: 0 · mediana: 0.0487 · p90: 0.143
83,LIVINGAPARTMENTS_MEDI,03 · Vivienda y entorno,Región y edificio,Original,Numérica continua,Ratio normalizado,application_train,Al momento de la solicitud,Número/proporción de apartamentos habitables; versión mediana normalizada.,,,,0.31645,210199,1097,p10: 0.0205 · mediana: 0.0761 · p90: 0.209
84,LIVINGAREA_MEDI,03 · Vivienda y entorno,Región y edificio,Original,Numérica continua,Ratio normalizado,application_train,Al momento de la solicitud,Superficie habitable; versión mediana normalizada.,,,,0.498067,154350,5281,p10: 0.0145 · mediana: 0.0749 · p90: 0.236
85,NONLIVINGAPARTMENTS_MEDI,03 · Vivienda y entorno,Región y edificio,Original,Numérica continua,Ratio normalizado,application_train,Al momento de la solicitud,Número/proporción de apartamentos no habitables; versión mediana normalizada.,,,,0.30567,213514,214,p10: 0 · mediana: 0 · p90: 0.0155
86,NONLIVINGAREA_MEDI,03 · Vivienda y entorno,Región y edificio,Original,Numérica continua,Ratio normalizado,application_train,Al momento de la solicitud,Superficie no habitable; versión mediana normalizada.,,,,0.448208,169682,3323,p10: 0 · mediana: 0.0031 · p90: 0.081
87,FONDKAPREMONT_MODE,03 · Vivienda y entorno,Región y edificio,Original,Categórica nominal,Categórica nominal,application_train,Al momento de la solicitud,Modo de financiación/mantenimiento del edificio.,,,,0.316138,210295,4,reg oper account (76%) · reg oper spec account (12%) · not specified (6%)
88,HOUSETYPE_MODE,03 · Vivienda y entorno,Región y edificio,Original,Categórica nominal,Categórica nominal,application_train,Al momento de la solicitud,Tipo de vivienda/edificio.,,,,0.498239,154297,3,block of flats (98%) · specific housing (<1%) · terraced house (<1%)
89,TOTALAREA_MODE,03 · Vivienda y entorno,Región y edificio,Original,Numérica continua,Ratio normalizado,application_train,Al momento de la solicitud,Área total del edificio/vivienda en versión normalizada.,,,,0.517315,148431,5116,p10: 0.0123 · mediana: 0.0688 · p90: 0.227
90,WALLSMATERIAL_MODE,03 · Vivienda y entorno,Región y edificio,Original,Categórica nominal,Categórica nominal,application_train,Al momento de la solicitud,Material predominante de las paredes.,,,,0.491592,156341,7,"Panel (44%) · Stone, brick (43%) · Block (6%)"
91,EMERGENCYSTATE_MODE,03 · Vivienda y entorno,Región y edificio,Original,Dicotómica,Binaria (Yes/No),application_train,Al momento de la solicitud,Indica si el edificio se encuentra en estado de emergencia.,,,,0.526017,145755,2,No (99%) · Yes (1%)
92,OBS_30_CNT_SOCIAL_CIRCLE,03 · Vivienda y entorno,Entorno social,Original,Numérica discreta,Entero (conteo),application_train,Al momento de la solicitud,Número de observaciones de personas del entorno social con información de 30 días.,,,,0.99668,1021,33,p10: 0 · mediana: 0 · p90: 4
93,DEF_30_CNT_SOCIAL_CIRCLE,03 · Vivienda y entorno,Entorno social,Original,Numérica discreta,Entero (conteo),application_train,Al momento de la solicitud,Número de observaciones de personas del entorno social con dificultad/impago de 30 días.,,,,0.99668,1021,10,p10: 0 · mediana: 0 · p90: 1
94,OBS_60_CNT_SOCIAL_CIRCLE,03 · Vivienda y entorno,Entorno social,Original,Numérica discreta,Entero (conteo),application_train,Al momento de la solicitud,Número de observaciones de personas del entorno social con información de 60 días.,,,,0.99668,1021,33,p10: 0 · mediana: 0 · p90: 4
95,DEF_60_CNT_SOCIAL_CIRCLE,03 · Vivienda y entorno,Entorno social,Original,Numérica discreta,Entero (conteo),application_train,Al momento de la solicitud,Número de observaciones de personas del entorno social con dificultad/impago de 60 días.,,,,0.99668,1021,9,p10: 0 · mediana: 0 · p90: 0
96,DAYS_LAST_PHONE_CHANGE,02 · Perfil del solicitante,Demografía y estabilidad,Original,Numérica discreta,Días (negativo),application_train,Días antes de la solicitud (valor negativo),Días respecto de la solicitud desde el último cambio de teléfono.,,,,0.999997,1,3773,"p10: -2,158 · mediana: -757 · p90: 0"
97,FLAG_DOCUMENT_2,01 · Solicitud y capacidad de pago,Documentos entregados,Original,Dicotómica,Binaria 0/1,application_train,Al momento de la solicitud,Indica si se proporcionó el documento 2 en el proceso de solicitud.,,,,1.0,0,2,0 (100%) · 1 (<1%)
98,FLAG_DOCUMENT_3,01 · Solicitud y capacidad de pago,Documentos entregados,Original,Dicotómica,Binaria 0/1,application_train,Al momento de la solicitud,Indica si se proporcionó el documento 3 en el proceso de solicitud.,,,,1.0,0,2,1 (71%) · 0 (29%)
99,FLAG_DOCUMENT_4,01 · Solicitud y capacidad de pago,Documentos entregados,Original,Dicotómica,Binaria 0/1,application_train,Al momento de la solicitud,Indica si se proporcionó el documento 4 en el proceso de solicitud.,,,,1.0,0,2,0 (100%) · 1 (<1%)
100,FLAG_DOCUMENT_5,01 · Solicitud y capacidad de pago,Documentos entregados,Original,Dicotómica,Binaria 0/1,application_train,Al momento de la solicitud,Indica si se proporcionó el documento 5 en el proceso de solicitud.,,,,1.0,0,2,0 (98%) · 1 (2%)
101,FLAG_DOCUMENT_6,01 · Solicitud y capacidad de pago,Documentos entregados,Original,Dicotómica,Binaria 0/1,application_train,Al momento de la solicitud,Indica si se proporcionó el documento 6 en el proceso de solicitud.,,,,1.0,0,2,0 (91%) · 1 (9%)
102,FLAG_DOCUMENT_7,01 · Solicitud y capacidad de pago,Documentos entregados,Original,Dicotómica,Binaria 0/1,application_train,Al momento de la solicitud,Indica si se proporcionó el documento 7 en el proceso de solicitud.,,,,1.0,0,2,0 (100%) · 1 (<1%)
103,FLAG_DOCUMENT_8,01 · Solicitud y capacidad de pago,Documentos entregados,Original,Dicotómica,Binaria 0/1,application_train,Al momento de la solicitud,Indica si se proporcionó el documento 8 en el proceso de solicitud.,,,,1.0,0,2,0 (92%) · 1 (8%)
104,FLAG_DOCUMENT_9,01 · Solicitud y capacidad de pago,Documentos entregados,Original,Dicotómica,Binaria 0/1,application_train,Al momento de la solicitud,Indica si se proporcionó el documento 9 en el proceso de solicitud.,,,,1.0,0,2,0 (100%) · 1 (<1%)
105,FLAG_DOCUMENT_10,01 · Solicitud y capacidad de pago,Documentos entregados,Original,Dicotómica,Binaria 0/1,application_train,Al momento de la solicitud,Indica si se proporcionó el documento 10 en el proceso de solicitud.,,,,1.0,0,2,0 (100%) · 1 (<1%)
106,FLAG_DOCUMENT_11,01 · Solicitud y capacidad de pago,Documentos entregados,Original,Dicotómica,Binaria 0/1,application_train,Al momento de la solicitud,Indica si se proporcionó el documento 11 en el proceso de solicitud.,,,,1.0,0,2,0 (100%) · 1 (<1%)
107,FLAG_DOCUMENT_12,01 · Solicitud y capacidad de pago,Documentos entregados,Original,Dicotómica,Binaria 0/1,application_train,Al momento de la solicitud,Indica si se proporcionó el documento 12 en el proceso de solicitud.,,,,1.0,0,2,0 (100%) · 1 (<1%)
108,FLAG_DOCUMENT_13,01 · Solicitud y capacidad de pago,Documentos entregados,Original,Dicotómica,Binaria 0/1,application_train,Al momento de la solicitud,Indica si se proporcionó el documento 13 en el proceso de solicitud.,,,,1.0,0,2,0 (100%) · 1 (<1%)
109,FLAG_DOCUMENT_14,01 · Solicitud y capacidad de pago,Documentos entregados,Original,Dicotómica,Binaria 0/1,application_train,Al momento de la solicitud,Indica si se proporcionó el documento 14 en el proceso de solicitud.,,,,1.0,0,2,0 (100%) · 1 (<1%)
110,FLAG_DOCUMENT_15,01 · Solicitud y capacidad de pago,Documentos entregados,Original,Dicotómica,Binaria 0/1,application_train,Al momento de la solicitud,Indica si se proporcionó el documento 15 en el proceso de solicitud.,,,,1.0,0,2,0 (100%) · 1 (<1%)
111,FLAG_DOCUMENT_16,01 · Solicitud y capacidad de pago,Documentos entregados,Original,Dicotómica,Binaria 0/1,application_train,Al momento de la solicitud,Indica si se proporcionó el documento 16 en el proceso de solicitud.,,,,1.0,0,2,0 (99%) · 1 (<1%)
112,FLAG_DOCUMENT_17,01 · Solicitud y capacidad de pago,Documentos entregados,Original,Dicotómica,Binaria 0/1,application_train,Al momento de la solicitud,Indica si se proporcionó el documento 17 en el proceso de solicitud.,,,,1.0,0,2,0 (100%) · 1 (<1%)
113,FLAG_DOCUMENT_18,01 · Solicitud y capacidad de pago,Documentos entregados,Original,Dicotómica,Binaria 0/1,application_train,Al momento de la solicitud,Indica si se proporcionó el documento 18 en el proceso de solicitud.,,,,1.0,0,2,0 (99%) · 1 (<1%)
114,FLAG_DOCUMENT_19,01 · Solicitud y capacidad de pago,Documentos entregados,Original,Dicotómica,Binaria 0/1,application_train,Al momento de la solicitud,Indica si se proporcionó el documento 19 en el proceso de solicitud.,,,,1.0,0,2,0 (100%) · 1 (<1%)
115,FLAG_DOCUMENT_20,01 · Solicitud y capacidad de pago,Documentos entregados,Original,Dicotómica,Binaria 0/1,application_train,Al momento de la solicitud,Indica si se proporcionó el documento 20 en el proceso de solicitud.,,,,1.0,0,2,0 (100%) · 1 (<1%)
116,FLAG_DOCUMENT_21,01 · Solicitud y capacidad de pago,Documentos entregados,Original,Dicotómica,Binaria 0/1,application_train,Al momento de la solicitud,Indica si se proporcionó el documento 21 en el proceso de solicitud.,,,,1.0,0,2,0 (100%) · 1 (<1%)
117,AMT_REQ_CREDIT_BUREAU_HOUR,05 · Buró de crédito,Consultas al buró,Original,Numérica discreta,Entero (conteo),application_train,1 hora antes de la solicitud,Número de consultas al Credit Bureau realizadas durante el último hora antes de la solicitud.,,,,0.864984,41519,5,p10: 0 · mediana: 0 · p90: 0
118,AMT_REQ_CREDIT_BUREAU_DAY,05 · Buró de crédito,Consultas al buró,Original,Numérica discreta,Entero (conteo),application_train,1 día antes de la solicitud (excluye la última hora),Número de consultas al Credit Bureau realizadas durante el último día antes de la solicitud.,,,,0.864984,41519,9,p10: 0 · mediana: 0 · p90: 0
119,AMT_REQ_CREDIT_BUREAU_WEEK,05 · Buró de crédito,Consultas al buró,Original,Numérica discreta,Entero (conteo),application_train,1 semana antes de la solicitud (excluye el último día),Número de consultas al Credit Bureau realizadas durante el último semana antes de la solicitud.,,,,0.864984,41519,9,p10: 0 · mediana: 0 · p90: 0
120,AMT_REQ_CREDIT_BUREAU_MON,05 · Buró de crédito,Consultas al buró,Original,Numérica discreta,Entero (conteo),application_train,1 mes antes de la solicitud (excluye la última semana),Número de consultas al Credit Bureau realizadas durante el último mes antes de la solicitud.,,,,0.864984,41519,24,p10: 0 · mediana: 0 · p90: 1
121,AMT_REQ_CREDIT_BUREAU_QRT,05 · Buró de crédito,Consultas al buró,Original,Numérica discreta,Entero (conteo),application_train,3 meses antes de la solicitud (excluye el último mes),Número de consultas al Credit Bureau realizadas durante el último trimestre antes de la solicitud.,,,,0.864984,41519,11,p10: 0 · mediana: 0 · p90: 1
122,AMT_REQ_CREDIT_BUREAU_YEAR,05 · Buró de crédito,Consultas al buró,Original,Numérica discreta,Entero (conteo),application_train,1 año antes de la solicitud (excluye los últimos 3 meses),Número de consultas al Credit Bureau realizadas durante el último año antes de la solicitud.,,,,0.864984,41519,25,p10: 0 · mediana: 1 · p90: 4
123,BUREAU_N_CREDITOS,05 · Buró de crédito,Créditos en el buró,Construida,Numérica discreta,Entero (conteo),bureau,Créditos reportados al buró antes de la solicitud (meses < 0),Número de créditos externos reportados al Credit Bureau asociados al crédito objetivo.,Mide el tamaño del historial de crédito externo del solicitante.,COUNT DISTINCT de SK_ID_BUREAU agrupado por SK_ID_CURR.,3 significa que el solicitante asociado al crédito objetivo tiene 3 créditos externos identificados en Bureau.,0.856851,44020,60,p10: 1 · mediana: 4 · p90: 11
124,BUREAU_N_ACTIVOS,05 · Buró de crédito,Créditos en el buró,Construida,Numérica discreta,Entero (conteo),bureau,Créditos reportados al buró antes de la solicitud (meses < 0),Número de créditos externos cuyo estado en Bureau es Active.,Indica cuántos créditos externos aparecen activos en la información reportada al Bureau.,Crear BUREAU_ACTIVO=1 cuando CREDIT_ACTIVE='Active' y 0 en otro caso; sumar por SK_ID_CURR.,Cuenta solo créditos con estado Active en la tabla bureau.,0.856851,44020,23,p10: 0 · mediana: 2 · p90: 4
125,BUREAU_DEUDA_TOTAL,05 · Buró de crédito,Créditos en el buró,Construida,Numérica continua,Monto (u.m.),bureau,Créditos reportados al buró antes de la solicitud (meses < 0),Suma de la deuda registrada en los créditos externos del Bureau asociados al crédito objetivo.,Resume la exposición de deuda externa conocida en Bureau.,Sumar AMT_CREDIT_SUM_DEBT por SK_ID_CURR usando min_count=1.,Es la suma de deuda reportada; no es el importe del crédito objetivo de application_train.,0.832917,51380,155001,"p10: 0 · mediana: 184,500 · p90: 1,639,490"
126,BUREAU_MAX_DIAS_ATRASO,05 · Buró de crédito,Créditos en el buró,Construida,Numérica discreta,Días,bureau,Créditos reportados al buró antes de la solicitud (meses < 0),Máximo de días de atraso registrado en los créditos externos del Bureau.,Resume el peor atraso diario registrado en los créditos externos.,Tomar el máximo de CREDIT_DAY_OVERDUE por SK_ID_CURR.,0 indica que el máximo observado de esta variable es cero.,0.856851,44020,868,p10: 0 · mediana: 0 · p90: 0
127,BUREAU_MESES_OBSERVADOS,05 · Buró de crédito,Créditos en el buró,Construida,Numérica discreta,Entero (meses),bureau_balance + bureau,Créditos reportados al buró antes de la solicitud (meses < 0),Número total de meses de historial disponibles para los créditos externos asociados al crédito objetivo.,Indica cuánta historia mensual externa está disponible.,Filtrar MONTHS_BALANCE<0; contar meses por SK_ID_BUREAU y después sumar esos conteos por SK_ID_CURR mediante bureau.,"Es una medida de cobertura del historial mensual, no de número de créditos.",0.299326,215465,1084,p10: 17 · mediana: 107 · p90: 360
128,BUREAU_MESES_CON_ATRASO,05 · Buró de crédito,Créditos en el buró,Construida,Numérica discreta,Entero (meses),bureau_balance + bureau,Créditos reportados al buró antes de la solicitud (meses < 0),"Número total de meses del historial externo con un estado de atraso 1, 2, 3, 4 o 5.",Cuantifica cuántos meses muestran estados de atraso en el historial externo.,"Filtrar MONTHS_BALANCE<0; marcar 1 cuando STATUS está en {1,2,3,4,5}; sumar por crédito externo y luego por SK_ID_CURR.",La definición de atraso usa la codificación STATUS incluida en el notebook.,0.299326,215465,164,p10: 0 · mediana: 0 · p90: 6
129,BUREAU_MESES_ESTADO_CONOCIDO,05 · Buró de crédito,Créditos en el buró,Construida,Numérica discreta,Entero (meses),bureau_balance + bureau,Créditos reportados al buró antes de la solicitud (meses < 0),"Número total de meses cuyo estado del crédito externo es conocido y toma valores 0, 1, 2, 3, 4 o 5.",Indica cuántos meses permiten evaluar el estado del historial externo.,"Filtrar MONTHS_BALANCE<0; marcar 1 cuando STATUS está en {0,1,2,3,4,5}; sumar por crédito externo y luego por SK_ID_CURR.",Se utiliza como denominador de la proporción de meses con atraso.,0.299326,215465,464,p10: 6 · mediana: 34 · p90: 120
130,BUREAU_PROP_MESES_CON_ATRASO,05 · Buró de crédito,Créditos en el buró,Construida,Numérica continua,Ratio 0–1,bureau_balance + bureau,Créditos reportados al buró antes de la solicitud (meses < 0),Proporción de meses con estado de atraso respecto de los meses cuyo estado es conocido.,Resume la frecuencia relativa de meses con atraso en el historial externo.,"BUREAU_MESES_CON_ATRASO / BUREAU_MESES_ESTADO_CONOCIDO; si el denominador es 0, se obtiene NaN.",Está entre 0 y 1 cuando el denominador es positivo.,0.2913,217933,3701,p10: 0 · mediana: 0 · p90: 0.125
131,HC_N_SOLICITUDES,06 · Historial en Home Credit,Solicitudes previas en Home Credit,Construida,Numérica discreta,Entero (conteo),previous_application,Solicitudes previas a Home Credit (sin ventana fija),Número de solicitudes anteriores identificadas por SK_ID_PREV para el crédito objetivo dentro de Home Credit.,Mide cuántas solicitudes anteriores existen en Home Credit.,COUNT DISTINCT de SK_ID_PREV por SK_ID_CURR.,Cuenta solicitudes anteriores a Home Credit; no son créditos externos del Bureau.,0.946493,16454,65,p10: 1 · mediana: 4 · p90: 10
132,HC_N_APROBADAS,06 · Historial en Home Credit,Solicitudes previas en Home Credit,Construida,Numérica discreta,Entero (conteo),previous_application,Solicitudes previas a Home Credit (sin ventana fija),Número de solicitudes anteriores de Home Credit cuyo estado fue Approved.,Resume la experiencia previa de solicitudes aprobadas en Home Credit.,Crear PREV_APROBADA=1 cuando NAME_CONTRACT_STATUS='Approved'; sumar por SK_ID_CURR.,Approved describe el estado de la solicitud anterior; no significa que sea el crédito objetivo de application_train.,0.946493,16454,26,p10: 1 · mediana: 3 · p90: 6
133,HC_N_RECHAZADAS,06 · Historial en Home Credit,Solicitudes previas en Home Credit,Construida,Numérica discreta,Entero (conteo),previous_application,Solicitudes previas a Home Credit (sin ventana fija),Número de solicitudes anteriores de Home Credit cuyo estado fue Refused.,Resume el número de solicitudes anteriores rechazadas.,Crear PREV_RECHAZADA=1 cuando NAME_CONTRACT_STATUS='Refused'; sumar por SK_ID_CURR.,Refused describe el estado de una solicitud anterior.,0.946493,16454,46,p10: 0 · mediana: 0 · p90: 3
134,HC_DIAS_ULTIMA_DECISION,06 · Historial en Home Credit,Solicitudes previas en Home Credit,Construida,Numérica discreta,Días (negativo),previous_application,Solicitudes previas a Home Credit (sin ventana fija),DAYS_DECISION correspondiente a la decisión más reciente entre las solicitudes anteriores.,Indica qué tan reciente es la solicitud anterior más cercana al crédito objetivo.,"Tomar MAX de DAYS_DECISION por SK_ID_CURR. Al ser días relativos negativos, el máximo representa la decisión más reciente.",No es una fecha calendario. -30 significa aproximadamente 30 días antes del momento de referencia.,0.946493,16454,2922,"p10: -1,096 · mediana: -299 · p90: -50"
135,HC_PROP_SOLICITUDES_RECHAZADAS,06 · Historial en Home Credit,Solicitudes previas en Home Credit,Construida,Numérica continua,Ratio 0–1,previous_application,Solicitudes previas a Home Credit (sin ventana fija),Proporción de solicitudes anteriores rechazadas respecto del total de solicitudes anteriores.,Resume la proporción histórica de solicitudes anteriores con estado Refused.,HC_N_RECHAZADAS / HC_N_SOLICITUDES.,"Está definida sobre solicitudes anteriores, no sobre pagos ni créditos externos.",0.946493,16454,397,p10: 0 · mediana: 0 · p90: 0.4
136,HC_N_OPERACIONES_POS,06 · Historial en Home Credit,Pagos y mora en Home Credit,Construida,Numérica discreta,Entero (conteo),POS_CASH_balance,Meses anteriores a la solicitud (meses < 0),Número de operaciones anteriores POS/Cash con registros en POS_CASH_balance para el crédito objetivo.,Mide cuántas operaciones POS/Cash anteriores tienen historial mensual disponible.,"COUNT DISTINCT de SK_ID_PREV por SK_ID_CURR, después de conservar MONTHS_BALANCE<0.",No se exige que la misma operación aparezca en previous_application o installments_payments.,0.941248,18067,25,p10: 1 · mediana: 2 · p90: 5
137,HC_POS_MAX_ATRASO,06 · Historial en Home Credit,Pagos y mora en Home Credit,Construida,Numérica discreta,Días,POS_CASH_balance,Meses anteriores a la solicitud (meses < 0),Máximo de días de atraso mensual observado en las operaciones POS/Cash anteriores.,Resume el peor atraso mensual observado en POS/Cash.,Tomar MAX de SK_DPD por SK_ID_CURR después de filtrar MONTHS_BALANCE<0.,Resume el peor valor mensual observado de SK_DPD.,0.941248,18067,1919,p10: 0 · mediana: 0 · p90: 8
138,HC_POS_MAX_CUOTAS_PENDIENTES,06 · Historial en Home Credit,Pagos y mora en Home Credit,Construida,Numérica discreta,Entero (conteo),POS_CASH_balance,Meses anteriores a la solicitud (meses < 0),Máximo número de cuotas futuras pendientes observado en el último mes disponible de cada operación POS/Cash.,Resume la mayor cantidad de cuotas futuras pendientes en la última observación disponible por operación.,Ordenar MONTHS_BALANCE por SK_ID_PREV; tomar el último mes de cada operación; después tomar el MAX de CNT_INSTALMENT_FUTURE por SK_ID_CURR.,"El 'último mes' es el último disponible en el historial, no una fecha calendario.",0.94117,18091,66,p10: 0 · mediana: 0 · p90: 19
139,HC_N_OPERACIONES_TARJETA,06 · Historial en Home Credit,Pagos y mora en Home Credit,Construida,Numérica discreta,Entero (conteo),credit_card_balance,Meses anteriores a la solicitud (meses < 0),Número de operaciones anteriores de tarjeta con registros en credit_card_balance para el crédito objetivo.,Mide cuántas operaciones de tarjeta anteriores tienen historial mensual disponible.,"COUNT DISTINCT de SK_ID_PREV por SK_ID_CURR, después de conservar MONTHS_BALANCE<0.",No se exige que la misma operación aparezca en previous_application o installments_payments.,0.282608,220606,4,p10: 1 · mediana: 1 · p90: 1
140,HC_CARD_MAX_ATRASO,06 · Historial en Home Credit,Pagos y mora en Home Credit,Construida,Numérica discreta,Días,credit_card_balance,Meses anteriores a la solicitud (meses < 0),Máximo de días de atraso mensual observado en las tarjetas anteriores.,Resume el peor atraso mensual observado en tarjetas anteriores.,Tomar MAX de SK_DPD por SK_ID_CURR después de filtrar MONTHS_BALANCE<0.,Resume el peor valor mensual observado de SK_DPD.,0.282608,220606,409,p10: 0 · mediana: 0 · p90: 1
141,HC_CARD_MAX_UTILIZACION,06 · Historial en Home Credit,Pagos y mora en Home Credit,Construida,Numérica continua,Ratio (puede superar 1),credit_card_balance,Meses anteriores a la solicitud (meses < 0),Máxima utilización observada del límite entre las tarjetas anteriores.,Mide la mayor utilización relativa del límite observada en tarjetas anteriores.,UTILIZACION=AMT_BALANCE/AMT_CREDIT_LIMIT_ACTUAL cuando el límite>0; tomar MAX por SK_ID_CURR.,Puede superar 1 cuando el saldo es mayor que el límite registrado.,0.279782,221475,56087,p10: 0 · mediana: 0.953 · p90: 1.07
142,HC_CARD_MAX_ULTIMO_SALDO,06 · Historial en Home Credit,Pagos y mora en Home Credit,Construida,Numérica continua,Monto (u.m.),credit_card_balance,Meses anteriores a la solicitud (meses < 0),Mayor saldo registrado en el último mes disponible de cada tarjeta anterior.,Resume el mayor saldo reciente observado entre las tarjetas anteriores.,Ordenar por SK_ID_PREV y MONTHS_BALANCE; tomar el último mes de cada tarjeta; después tomar MAX de AMT_BALANCE por SK_ID_CURR.,Es un máximo entre los saldos del último mes de cada operación.,0.282608,220606,30603,"p10: 0 · mediana: 0 · p90: 262,276"
143,HC_N_REGISTROS_PAGO,06 · Historial en Home Credit,Pagos y mora en Home Credit,Construida,Numérica discreta,Entero (conteo),installments_payments,Cuotas con vencimiento antes de la solicitud,Número de registros de cuotas/pagos históricos considerados para el crédito objetivo. Incluye registros con y sin fecha de pago registrada.,Mide la cantidad de observaciones históricas de cuotas/pagos disponibles.,Filtrar únicamente DAYS_INSTALMENT<0 y contar todos los registros por SK_ID_CURR; NO filtrar por DAYS_ENTRY_PAYMENT.,No significa que todos sean pagos realizados: algunos pueden no tener fecha de pago registrada.,0.948399,15868,319,p10: 7 · mediana: 25 · p90: 98
144,HC_N_PAGOS_TARDE,06 · Historial en Home Credit,Pagos y mora en Home Credit,Construida,Numérica discreta,Entero (conteo),installments_payments,Cuotas con vencimiento antes de la solicitud,Número de pagos observados que se registraron después de la fecha de vencimiento de la cuota.,Mide cuántos pagos observados fueron tardíos.,"DIAS_ATRASO=max(DAYS_ENTRY_PAYMENT-DAYS_INSTALMENT,0); contar PAGO_TARDE=1 solo cuando existe fecha de pago y DIAS_ATRASO>0; sumar por SK_ID_CURR.",No cuenta un registro sin fecha de pago como pago tardío.,0.948399,15868,102,p10: 0 · mediana: 1 · p90: 10
145,HC_PAY_MAX_ATRASO,06 · Historial en Home Credit,Pagos y mora en Home Credit,Construida,Numérica discreta,Días,installments_payments,Cuotas con vencimiento antes de la solicitud,Máximo número de días de retraso observado entre la fecha prevista y la fecha efectiva de pago.,Mide la mayor severidad de atraso observada entre pagos con fecha registrada.,"Para pagos con fecha registrada, DIAS_ATRASO=max(DAYS_ENTRY_PAYMENT-DAYS_INSTALMENT,0); tomar el MAX por SK_ID_CURR.","Si no existe ninguna fecha de pago observada, el resultado queda NaN.",0.948373,15876,1642,p10: 0 · mediana: 1 · p90: 25
146,HC_PROP_PAGOS_TARDE,06 · Historial en Home Credit,Pagos y mora en Home Credit,Construida,Numérica continua,Ratio 0–1,installments_payments,Cuotas con vencimiento antes de la solicitud,Proporción de pagos observados que fueron realizados tarde.,Mide la frecuencia de pagos tardíos entre los pagos cuya fecha sí está disponible.,"HC_N_PAGOS_TARDE / número de pagos observados; los registros sin fecha de pago no entran en el denominador. Si no hay pagos observados, queda NaN.",Es distinta de un porcentaje de registros sin pago registrado.,0.948373,15876,4967,p10: 0 · mediana: 0.0185 · p90: 0.238
147,TIENE_BUREAU,05 · Buró de crédito,Cobertura,Construida,Dicotómica,Binaria 0/1,bureau,Antes de la solicitud,Indica si existe al menos un crédito externo reportado al Bureau para el crédito objetivo.,Distingue ausencia de historial externo de un valor cero en las variables agregadas.,1 si BUREAU_N_CREDITOS no es nulo; 0 si no existe información en bureau.,"Es un indicador de presencia de historial, no de buen o mal comportamiento.",1.0,0,2,1 (86%) · 0 (14%)
148,TIENE_HISTORIAL_HOME_CREDIT,06 · Historial en Home Credit,Cobertura,Construida,Dicotómica,Binaria 0/1,previous_application,Antes de la solicitud,Indica si existe al menos una solicitud anterior registrada en Home Credit para el crédito objetivo.,Permite distinguir ausencia de historial de un conteo igual a cero.,1 si HC_N_SOLICITUDES no es nulo; 0 si no existe información en previous_application.,Es un indicador de presencia de historial anterior en Home Credit.,1.0,0,2,1 (95%) · 0 (5%)
